-- Вставляем типы компаний
INSERT INTO TypeCompany (name) VALUES
('ЗАО'),
('ООО'),
('ПАО'),
('ОАО');

-- Вставляем партнеров
INSERT INTO Partners (type_partner, company_name, ur_adress, inn, director_name, phone, email, rating) VALUES
(1, 'База Строитель', '652050, Кемеровская область, город Юрга, ул. Лесная, 15', '2222455179', 'Иванова Александра Ивановна', '493 123 45 67', 'aleksandraivanova@ml.ru', 7),
(2, 'Паркет 29', '164500, Архангельская область, город Северодвинск, ул. Строителей, 18', '3333888520', 'Петров Василий Петрович', '987 123 56 78', 'vppetrov@vl.ru', 7),
(3, 'Стройсервис', '188910, Ленинградская область, город Приморск, ул. Парковая, 21', '4440391035', 'Соловьев Андрей Николаевич', '812 223 32 00', 'ansolovev@st.ru', 7),
(4, 'Ремонт и отделка', '143960, Московская область, город Реутов, ул. Свободы, 51', '1111520857', 'Воробьева Екатерина Валерьевна', '444 222 33 11', 'ekaterina.vorobeva@ml.ru', 5),
(1, 'МонтажПро', '309500, Белгородская область, город Старый Оскол, ул. Рабочая, 122', '5552431140', 'Степанов Степан Сергеевич', '912 888 33 33', 'stepanov@stepan.ru', 10);

-- Вставляем типы продукции
INSERT INTO ProductType (name, coefficient) VALUES
('Ламинат', 2.35),
('Массивная доска', 5.15),
('Паркетная доска', 4.34),
('Пробковое покрытие', 1.5);

-- Вставляем продукцию
INSERT INTO Product (type, description, article, price, size, class) VALUES
(1, 'Дуб дымчато-белый', 7750282, 1799.33, 12, 33),
(1, 'Дуб серый с фаской', 7028748, 3890.41, 8, 32),
(2, 'Ясень темный однополосная', 8758385, 4456.90, 14, 0),
(2, 'Дуб Французская елка однополосная', 8858958, 7330.99, 12, 0),
(3, 'напольное клеевое', 5012543, 5450.59, 4, 32);

-- Вставляем продажи продукции партнерам
INSERT INTO PartnerProduct (id_product, id_partner, quantity, date_of_sale) VALUES
(3, 1, 15500, '2023-03-23'),
(4, 1, 12350, '2023-12-18'),
(5, 1, 37400, '2024-06-07'),
(1, 2, 35000, '2022-12-02'),
(2, 2, 1250, '2023-05-17'),
(4, 2, 1000, '2024-06-07'),
(3, 2, 7550, '2024-07-01'),
(3, 3, 7250, '2023-01-22'),
(1, 3, 2500, '2024-07-05'),
(5, 3, 59050, '2023-03-20'),
(4, 3, 37200, '2024-03-12'),
(2, 3, 4500, '2024-05-14'),
(4, 4, 50000, '2023-09-19'),
(1, 4, 670000, '2023-11-10'),
(3, 4, 35000, '2024-04-15'),
(2, 4, 25000, '2024-06-12');

-- Вставляем материалы
INSERT INTO Material (name, defect) VALUES
('Тип материала 1', 0.001),
('Тип материала 2', 0.0095),
('Тип материала 3', 0.0028),
('Тип материала 4', 0.0055),
('Тип материала 5', 0.0034);

-- Вставляем связи между продукцией и материалами
INSERT INTO MaterialProduct (id_product, id_material) VALUES
(1, 1),
(2, 1),
(3, 2),
(4, 3),
(5, 4);
